Year,Y,C,I,G,X,M,Rate,FX,NX,Domestic_Demand,GDP_Expenditure,GDP_Identity_Residual,GDP_Identity_Residual_Abs,GDP_Identity_Error_Pct,GDP_Identity_Status,Data_Quality_Status,GDP_Growth_Pct,C_Growth_Pct,I_Growth_Pct,G_Growth_Pct,X_Growth_Pct,M_Growth_Pct,NX_Growth_Pct,Domestic_Demand_Growth_Pct,Consumption_Share_Pct,Investment_Share_Pct,Government_Share_Pct,Net_Exports_Share_Pct,C_Change,I_Change,G_Change,NX_Change,C_Contribution_Ppt,I_Contribution_Ppt,G_Contribution_Ppt,NX_Contribution_Ppt,Domestic_Demand_Change,Domestic_Demand_Contribution_Ppt,Component_Growth_Contribution_Ppt,GDP_Identity_Reconciliation_Change,GDP_Identity_Reconciliation_Contribution_Ppt,Reconciled_GDP_Growth_Ppt,Growth_Decomposition_Residual,Growth_Decomposition_Status,GDP_Contraction,GDP_Expansion,GDP_Stagnation,Growth_Regime,Two_Period_Contraction
2015,1000,600,200,220,300,320,0.5,1.45,-20,1020,1000,0,0,0.0,PASS,PASS,,,,,,,,,60.0,20.0,22.0,-2.0,,,,,,,,,,,,,,,,BASE YEAR,False,False,False,BASE YEAR,False
2016,1020,610,205,222,310,327,0.5,1.35,-17,1037,1020,0,0,0.0,PASS,PASS,2.0000000000000018,1.6666666666666607,2.499999999999991,0.9090909090909038,3.3333333333333437,2.187500000000009,-15.000000000000002,1.6666666666666607,59.80392156862745,20.098039215686274,21.764705882352942,-1.6666666666666667,10.0,5.0,2.0,3.0,1.0,0.5,0.2,0.3,17.0,1.7000000000000002,2.0,0.0,0.0,2.0,1.7763568394002505e-15,PASS,False,True,False,EXPANSION,False
2017,1045,620,215,225,325,335,0.25,1.29,-10,1060,1050,-5,5,-0.4784688995215311,PASS,PASS,2.450980392156854,1.6393442622950838,4.878048780487809,1.3513513513513598,4.8387096774193505,2.4464831804281273,-41.17647058823529,2.2179363548698205,59.33014354066985,20.574162679425836,21.5311004784689,-0.9569377990430622,10.0,10.0,3.0,7.0,0.9803921568627451,0.9803921568627451,0.29411764705882354,0.6862745098039216,23.0,2.2549019607843137,2.9411764705882355,-5.0,-0.49019607843137253,2.450980392156863,-8.881784197001252e-15,PASS,False,True,False,EXPANSION,False
2018,1060,628,220,228,330,345,0.75,1.33,-15,1076,1061,-1,1,-0.09433962264150944,PASS,PASS,1.4354066985645897,1.2903225806451646,2.3255813953488413,1.333333333333342,1.538461538461533,2.9850746268656803,50.0,1.5094339622641506,59.24528301886792,20.754716981132077,21.50943396226415,-1.4150943396226416,8.0,5.0,3.0,-5.0,0.7655502392344498,0.4784688995215311,0.28708133971291866,-0.4784688995215311,16.0,1.5311004784688995,1.0526315789473684,4.0,0.3827751196172249,1.4354066985645932,-3.552713678800501e-15,PASS,False,True,False,EXPANSION,False
2019,1075,635,218,230,335,343,0.75,1.28,-8,1083,1075,0,0,0.0,PASS,PASS,1.4150943396226356,1.1146496815286566,-0.9090909090909038,0.8771929824561431,1.5151515151515138,-0.5797101449275366,-46.666666666666664,0.6505576208178487,59.06976744186046,20.27906976744186,21.3953488372093,-0.7441860465116279,7.0,-2.0,2.0,7.0,0.6603773584905661,-0.18867924528301888,0.18867924528301888,0.6603773584905661,7.0,0.6603773584905661,1.3207547169811322,1.0,0.09433962264150944,1.4150943396226416,-5.995204332975845e-15,PASS,False,True,False,EXPANSION,False
2020,980,580,190,235,290,315,0.1,1.28,-25,1005,980,0,0,0.0,PASS,PASS,-8.837209302325578,-8.661417322834641,-12.844036697247708,2.1739130434782705,-13.432835820895528,-8.163265306122447,212.5,-7.202216066481992,59.183673469387756,19.387755102040817,23.97959183673469,-2.5510204081632653,-55.0,-28.0,5.0,-17.0,-5.116279069767442,-2.604651162790698,0.46511627906976744,-1.5813953488372092,-78.0,-7.255813953488372,-8.837209302325581,0.0,0.0,-8.837209302325581,3.552713678800501e-15,PASS,True,False,False,CONTRACTION,False
2021,1015,600,205,240,320,350,0.1,1.38,-30,1045,1015,0,0,0.0,PASS,PASS,3.571428571428581,3.4482758620689724,7.8947368421052655,2.127659574468077,10.344827586206895,11.111111111111116,19.999999999999996,3.9800995024875663,59.11330049261084,20.19704433497537,23.645320197044335,-2.955665024630542,20.0,15.0,5.0,-5.0,2.0408163265306123,1.530612244897959,0.5102040816326531,-0.5102040816326531,40.0,4.081632653061225,3.5714285714285716,0.0,0.0,3.5714285714285716,9.325873406851315e-15,PASS,False,True,False,EXPANSION,False
2022,1040,615,210,245,335,365,1.0,1.17,-30,1070,1040,0,0,0.0,PASS,PASS,2.4630541871921263,2.499999999999991,2.4390243902439046,2.083333333333326,4.6875,4.285714285714293,0.0,2.392344497607657,59.13461538461539,20.192307692307693,23.557692307692307,-2.8846153846153846,15.0,5.0,5.0,0.0,1.477832512315271,0.49261083743842365,0.49261083743842365,0.0,25.0,2.4630541871921183,2.4630541871921183,0.0,0.0,2.4630541871921183,7.993605777301127e-15,PASS,False,True,False,EXPANSION,False
2023,1055,620,215,250,340,370,5.0,1.15,-30,1085,1055,0,0,0.0,PASS,PASS,1.4423076923076872,0.8130081300812941,2.3809523809523725,2.0408163265306145,1.4925373134328401,1.3698630136986356,0.0,1.4018691588784993,58.767772511848335,20.379146919431278,23.696682464454977,-2.843601895734597,5.0,5.0,5.0,0.0,0.4807692307692308,0.4807692307692308,0.4807692307692308,0.0,15.0,1.4423076923076923,1.4423076923076923,0.0,0.0,1.4423076923076923,-5.10702591327572e-15,PASS,False,True,False,EXPANSION,False
2024,1070,630,220,255,350,375,5.0,1.18,-25,1105,1080,-10,10,-0.9345794392523363,MINOR DISCREPANCY,PASS,1.4218009478673022,1.6129032258064502,2.3255813953488413,2.0000000000000018,2.941176470588225,1.3513513513513598,-16.666666666666664,1.8433179723502224,58.87850467289719,20.5607476635514,23.83177570093458,-2.336448598130841,10.0,5.0,5.0,5.0,0.9478672985781991,0.47393364928909953,0.47393364928909953,0.47393364928909953,20.0,1.8957345971563981,2.3696682464454977,-10.0,-0.9478672985781991,1.4218009478672986,3.552713678800501e-15,PASS,False,True,False,EXPANSION,False
2025,1085,640,225,260,360,380,4.0,1.16,-20,1125,1105,-20,20,-1.8433179723502304,MATERIAL DISCREPANCY,PASS,1.4018691588784993,1.5873015873015817,2.2727272727272707,1.9607843137254832,2.857142857142847,1.333333333333342,-19.999999999999996,1.8099547511312153,58.986175115207374,20.737327188940093,23.963133640552993,-1.8433179723502304,10.0,5.0,5.0,5.0,0.9345794392523363,0.46728971962616817,0.46728971962616817,0.46728971962616817,20.0,1.8691588785046727,2.3364485981308407,-10.0,-0.9345794392523363,1.4018691588785044,-5.10702591327572e-15,PASS,False,True,False,EXPANSION,False
